pollutant,mse,rmse,mae,r2
pm2_5,443.88622249266945,21.068607511951743,14.985710916623493,0.716005028882768
pm10,676.3722237968121,26.007157164842376,18.65168645631331,0.6457033465977411
so2,10.442299266988094,3.2314546673267897,2.343066199993484,0.27343663842132593
no,0.18525151446655155,0.4304085436728127,0.25392225911640237,0.0822346598083481
no2,1113.5684566848136,33.37017315934716,5.651799092060849,0.032927842896371184
nh3,19.51860421050995,4.4179864429975275,3.000954288336915,0.468270884051166
o3,338.85025853705685,18.40788577042613,12.308318216787802,0.5007033548709938
co,16129.279813171284,127.00110162188076,89.85551882821979,0.5704661889134373
