pollutant,mse,rmse,mae,r2
pm2_5,2282.59182581743,47.77647774603555,34.93916249174756,0.8716031091125734
pm10,4097.692908097868,64.01322447821128,51.555243430259246,0.8293193341812198
so2,504.0003874791282,22.449952950488075,18.849716250891085,0.4311707336944792
no,179.35544822939906,13.392365296294717,9.403122751246892,0.5888579871707897
no2,1804.1116395970382,42.4748353686867,23.66444612802367,0.24333229828477343
nh3,32.580054768141075,5.7078940747127636,4.058995292022748,0.779080671895702
o3,339.60297179595824,18.428319831063227,15.866629489540339,0.6167238826377066
co,467463.69989967265,683.7131707811928,519.1511886578411,0.7433482689217281
