pollutant,mse,rmse,mae,r2
pm2_5,260.79538628258257,16.149160544207323,12.653791311336184,0.5246436165780235
pm10,628.0724210958481,25.061373088796394,22.929504326245468,0.03518701624992604
so2,2.1171718501423618,1.4550504630913532,1.2156605527812427,-0.02817225439814175
no,0.006151880438680254,0.07843392402959483,0.057850863899533644,0.1149304607964653
no2,1126.2099291131287,33.559051373856335,5.760718312309707,-0.004039948670053528
nh3,4.183807940728155,2.0454358803756607,1.4430385822060543,0.17707901566041218
o3,1436.4347211763588,37.90032613548805,34.614918029460505,-0.8499782413855999
co,6947.968092239053,83.35447253890491,63.57561746583763,0.45904432101684145
