pollutant,mse,rmse,mae,r2
pm2_5,206.1350491147012,14.357403982430153,10.79874425364246,0.7004640502668595
pm10,267.77375541884254,16.363794041078695,11.472993726650047,0.7083330939567143
so2,5.534054673022356,2.3524571564690304,1.729226707607686,0.2938735290395661
no,2.0621013895149343,1.4360018765708262,1.0087372577448366,-0.07219269157156494
no2,1156.3610084576276,34.00530853348676,7.288768792239456,0.012092792868128255
nh3,4.543663820752163,2.1315871600176624,1.4953451301196403,0.1402245660229534
o3,423.1507918084902,20.57062934886753,15.333723167020795,0.5554777123889223
co,22422.925870749816,149.74286584258303,115.31983166332923,0.5167302896110598
