pollutant,mse,rmse,mae,r2
pm2_5,355.59810738614186,18.8573091236831,13.681504163189926,0.5566432836955574
pm10,542.2834807030483,23.286980927184363,17.52160343525721,0.503612987355974
so2,138.65323612354766,11.7751108752125,9.678303727299282,0.024700682991425582
no,25.822643941208796,5.0815985615954355,2.103859065318418,0.062333042253973736
no2,1162.7686948269622,34.09939434692297,10.013998489317366,0.040867952261490204
nh3,5.758200121576841,2.3996249960310134,1.7520185786633815,0.0075699161570000895
o3,482.35667264977053,21.962619894943558,15.09562853350272,0.3344544384876216
co,48519.477835849146,220.27137316466965,144.87768717473443,0.19598045066321268
