pollutant,mse,rmse,mae,r2
pm2_5,776.2370874629543,27.86103170133788,19.801062659847727,0.8183215658456078
pm10,976.195464722226,31.24412688365969,21.247264061846995,0.8038323435237992
so2,127.2483658459614,11.280441739841637,8.354350580540524,0.22834181016117194
no,1.8461639212242997,1.3587361484939966,0.699556899221939,0.008533449865607667
no2,1135.0415599315427,33.69037785379592,8.48625219981552,0.05787305267604892
nh3,12.525145126768457,3.5390881773090164,2.4914867253792665,0.4549074525787463
o3,457.4891305626104,21.388995548239528,14.422414789667462,0.5320800331376735
co,32157.241543045777,179.32440308849706,125.89991205431646,0.5958680459424239
