pollutant,mse,rmse,mae,r2
pm2_5,676.1594748432693,26.00306664305711,17.520267129974993,0.671684650879862
pm10,1340.3160014453463,36.610326431832675,28.780696266435083,0.5023222125587212
so2,26.482910308979584,5.146154905264666,3.9401215738752002,0.09144329790027506
no,1.3896144348829014,1.178819084882367,1.0394774021712243,-3.9632975460212583
no2,1073.5431569781044,32.764968441585665,7.33796132867903,0.09338337287153053
nh3,25.383286607455137,5.038182867607639,3.755130425108926,0.44866147967505554
o3,392.0443024512536,19.800108647460842,14.821014385623618,0.2752490780851876
co,41081.4443574694,202.68558004325172,158.72502845214808,0.3516082918863893
