pollutant,mse,rmse,mae,r2
pm2_5,2831.833452804132,53.21497395286529,33.20122930663331,0.5276500549971584
pm10,3826.7165998874325,61.86046071512426,41.17107484167712,0.5261266838298957
so2,437.39945954791915,20.91409714876354,16.408024754677136,0.18088802054720665
no,27.360249571653853,5.2307025887211225,3.2948663435887315,0.21545315250219832
no2,1422.2811687797487,37.71314318350764,15.85844557889626,0.12387907957359734
nh3,31.17495642565154,5.583453807962553,3.9967539585763086,0.4928344737981981
o3,465.7822298062758,21.581988550786413,14.888237095279521,0.6471577899669896
co,240299.71259428115,490.2037460018856,322.7369773835705,0.3656167112879807
