pollutant,mse,rmse,mae,r2
pm2_5,2084.0894668887536,45.651828735426946,29.520620333413714,0.7301504390732972
pm10,3133.2955891009287,55.97584826602388,39.88172791129225,0.6527869535483881
so2,48.557745180365735,6.968338767623582,4.583927358531862,0.054620646991503485
no,5.034692678503399,2.2438120862726896,1.4167645425268098,-1.4022887185694652
no2,1150.0818788841202,33.9128571324228,7.682203411584686,0.06020135197106624
nh3,134.12670834564605,11.58130857656621,7.777186052937307,0.2676378067252452
o3,273.7766067453387,16.546196141268805,12.377371097278926,0.5249326850316477
co,117054.17035454376,342.13180260616485,237.26357469327576,0.4968479632533088
