pollutant,mse,rmse,mae,r2
pm2_5,728.7653054411575,26.995653454605566,19.05383670546051,0.516652721189006
pm10,962.8227071631668,31.02938457596552,22.558765043492333,0.4618099288909875
so2,17.059798096687302,4.1303508442609695,3.121518819461181,0.5634890114705438
no,10.97951818233544,3.313535601489056,1.9898485672168242,0.3790862995982762
no2,1330.8018512955,36.480156952725686,12.655665826715975,0.24202614222796037
nh3,115.67530371931268,10.755245404885594,8.620646265578745,0.4529699962139373
o3,1025.160764654099,32.01813181080525,24.22245587946683,0.21868152894230342
co,84572.41996739045,290.8133765276117,219.4933472844746,0.5791364987130084
