pollutant,mse,rmse,mae,r2
pm2_5,9672.8795389258,98.35079836445558,67.8837028540052,0.5700708828881142
pm10,12597.345159783847,112.23789538201368,82.03675401944449,0.5834403755674998
so2,980.6147870229908,31.314769471017836,25.962244083181044,0.16687186305713986
no,267.2427385955662,16.347560631346997,11.945178635676145,0.2635371523106722
no2,2037.4364483641295,45.13797124776577,24.66835074844751,0.11256082136179202
nh3,89.19456934736424,9.444287656957735,6.959008575036299,0.5116718169599322
o3,541.4693974133231,23.2694949969552,19.01215775952029,0.4856574186515856
co,1239590.243312923,1113.3688711801328,790.5706504309837,0.41796729693506296
