pollutant,mse,rmse,mae,r2
pm2_5,1324.5633520705464,36.39455113159862,26.017343244521047,0.5255640421925586
pm10,2217.3945831328906,47.089219393964164,34.0497814756176,0.3490627040743328
so2,325.1629556748486,18.032275388171307,15.524935235620955,-0.0607639544096743
no,39.81997954272185,6.310307404772121,3.223504638986948,0.16722314899117952
no2,1314.4309720656092,36.25508201708568,15.847770035489516,-0.09307182011377502
nh3,4.019767965356818,2.0049359005606187,1.4899017089315056,0.6548871267273186
o3,344.57064152538743,18.56261408114136,14.926512124726676,0.7358177252603868
co,92821.12924175028,304.66560232778215,223.91836409014618,0.18411193753397204
