pollutant,mse,rmse,mae,r2
pm2_5,462.696159924816,21.510373309750253,12.594292520781359,0.2734612151976892
pm10,2272.5712465768383,47.67149301812183,45.955152084035035,-1.9687469920625587
so2,1.378627134863869,1.174149536840972,0.6161920980285546,0.3161735674016697
no,0.04679303010247862,0.21631696674666698,0.1793190736214278,-4.036769434901776
no2,1589.7296159418574,39.87141351823205,25.246256900211936,-0.41769127440370957
nh3,1.6404754964153392,1.2808104841916852,0.8782715431537128,0.49714384445297355
o3,1001.3451885972798,31.64403875293544,29.164670743238805,-0.5416986133817823
co,10900.010506922546,104.40311540812634,84.78117035759821,-0.2704273558795809
