pollutant,mse,rmse,mae,r2
pm2_5,305.7913843007782,17.486891785013658,11.051168990005863,0.7569288865916491
pm10,453.3902616805311,21.29296272669755,15.724252222840441,0.7124822685155943
so2,4.711867797640807,2.17068371662958,1.6926441370195695,0.25631161415784054
no,0.324688994911331,0.5698148777553382,0.4564389182860939,0.4032207407502435
no2,1153.9799797264457,33.970280830844565,7.643991780049903,-0.000269677245099853
nh3,110.92614937792138,10.532148374283443,5.6080447439974845,0.20076269124093726
o3,209.01291512809013,14.457278966945687,11.499184453499721,0.4635779604274495
co,19792.806145696624,140.68690822424318,104.87283135939215,0.6105976381117046
