pollutant,mse,rmse,mae,r2
pm2_5,435.68519252976705,20.873073384860387,14.360856676453897,0.781405877583184
pm10,1073.1431920399937,32.7588643276899,26.62745471281205,0.6204925606853137
so2,251.29160031719726,15.85217967085906,11.392158008076565,0.04647669361061679
no,23.38530920057477,4.835835936068838,3.7227899980479404,0.14518867668329916
no2,1222.439353337192,34.963400197023056,11.792531876214625,0.09562528329614073
nh3,22.293558534426225,4.721605503896553,3.4521379858840295,0.6001526229620231
o3,839.8056951344458,28.979401221116454,25.934998120700424,0.03595527854118408
co,79527.44882823828,282.0061148773875,208.23904349726521,0.5396181499991368
