pollutant,mse,rmse,mae,r2
co,117155.89042538249,255.5031750440469,180.24386045431305,0.4677917688864657
nh3,29.676606734624194,4.511520145770469,3.185272212555068,0.40572861983937764
no,27.677568773168886,3.5082544306799206,2.147378956663916,-0.14193456865329201
no2,1262.98082814171,35.416723669711736,10.912193835916424,0.035334033069241405
o3,469.9150692888619,20.88328055532798,16.423550949318045,0.3929579761717612
pm10,1740.3606316500457,35.43409861922671,26.563763206350874,0.4817291336477007
pm2_5,1185.443840140234,28.82205567218258,20.18641166955126,0.6407088062578852
so2,152.38683885424342,8.849425260766129,6.708199558441856,0.2240239437665811
