pollutant,mse,rmse,mae,r2
pm2_5,626.4377291639163,25.028738065749867,16.838582301684053,0.6670077169728235
pm10,743.8157576964003,27.272985859571744,18.59601120860467,0.67171722555992
so2,116.11463413884077,10.775650056439323,5.523704956966769,0.011332117043326817
no,16.366968724464385,4.045611044633973,2.0543428449992316,-0.08800390476854925
no2,1108.7238787712233,33.29750559383125,7.867910712662904,0.041155027710266245
nh3,7.669143404305053,2.769321831117693,1.999940203758955,0.09806079073193508
o3,392.0067987803985,19.79916156761186,16.28231436328353,0.4912429272035769
co,22420.980616201334,149.73637038542552,100.68639108645414,0.3313198795141933
