pollutant,mse,rmse,mae,r2
pm2_5,359.640986207246,18.96420275696413,13.545074526088529,0.3878412166335935
pm10,629.827311371624,25.096360520434512,20.612860336845205,0.20273571622131814
so2,42.15846236700838,6.492954825578905,4.459420076537335,0.48033076073089054
no,0.706302356721284,0.8404179654917451,0.6585861722759881,0.060370304461271895
no2,1137.7385752329592,33.73038059721472,6.744073385682878,0.0006627987988362394
nh3,2.2210872548317124,1.490331256745195,1.0496918711796446,0.301447362956468
o3,546.9008305189162,23.38591094054102,18.336701409551832,0.24347881866284848
co,6570.226383799006,81.05693297799397,59.42952711969359,0.3582286499023225
