pollutant,mse,rmse,mae,r2
pm2_5,3228.366664125103,56.81871755086613,43.378180437680676,0.622763970200502
pm10,4525.370188616994,67.27087176941438,48.53203275037477,0.6038878343584246
so2,343.1356191918572,18.52392018963203,12.228954055654489,0.03388593006397478
no,60.942619428111314,7.806575396940153,5.229913925581152,-0.07271961172551755
no2,1505.0338831807835,38.794766182834294,14.865506372326704,0.07183385938746856
nh3,91.77242126591801,9.579792339394315,6.808064693204698,0.2543596612146892
o3,357.4453400148058,18.906224901201345,14.929129214440866,0.5235014015149705
co,371877.239284927,609.8173819143949,382.6897491798908,0.2852693067310679
