pollutant,mse,rmse,mae,r2
pm2_5,43.64482505816573,6.606423015381752,5.2249528251339195,0.7468881918345885
pm10,51.53618812564116,7.178870950618987,5.112087038727062,0.7394777927426985
so2,0.07388710601244086,0.2718218276968221,0.16925168371471397,-0.02579019406515326
no,0.0066737828277942364,0.08169322387930493,0.061109067154350674,0.39170212788986447
no2,1123.2573421134184,33.51503158455051,4.9717810766327775,-0.0035813370698740687
nh3,5.269847877698855,2.295614923653106,1.8675530559660314,0.3320985458540312
o3,169.90128044394152,13.034618538489783,10.353958630790347,0.5021491876179219
co,2555.7524929991864,50.55445077339073,39.58254460354751,0.7207398649282494
