pollutant,mse,rmse,mae,r2
pm2_5,192.028452260679,13.857433105040737,10.639301218565372,0.5770684973743657
pm10,196.07606387044527,14.002716303290775,10.138744371851793,0.6505212449115663
so2,4.854393777894153,2.2032688846108077,1.7146894930129035,0.597974604514502
no,55.173567770749486,7.427891206173491,3.090379722541214,0.10430056695183831
no2,1145.9573651828678,33.85199204157516,8.090175007041703,0.06273281282023269
nh3,0.9905917538928392,0.9952847602032492,0.6937450845560797,0.4423941668410205
o3,801.0672236877974,28.303130987362465,25.168575027009357,0.09679089377741668
co,73695.20164104043,271.4686015749159,161.33940188416048,0.2544563454691705
