pollutant,mse,rmse,mae,r2
pm2_5,750.7816712284565,27.400395457519522,17.891482824477713,0.45863008445786
pm10,739.661750214175,27.196723152140496,19.217148812014155,0.5614669457517405
so2,47.895831597034864,6.920681440222116,4.706826122438806,0.07101603854887306
no,0.24789224614825642,0.49788778469476075,0.3798748907436248,0.4012429422011823
no2,1148.7193430371963,33.89276239903139,8.365828087273465,0.05484547055885447
nh3,24.42762947389764,4.94243153456855,3.692828042921517,0.2673358755789892
o3,547.7440787597253,23.40393297631245,19.25784430734792,0.24445000316485188
co,10612.964223972656,103.0192420083387,77.01354326992633,0.5226563287865715
