pollutant,mse,rmse,mae,r2
pm2_5,1728.0896980189514,41.57029826713962,29.7488806868072,0.8073335540821449
pm10,1937.2643341468583,44.01436508853511,29.418839667594394,0.8229065698344787
so2,28.339397665104425,5.3234760885256565,4.068312765328506,0.1956560336866071
no,0.8181074322261671,0.9044929144145725,0.6000648947477409,-0.10826122182987152
no2,1124.159077074328,33.52848158020772,7.668076329590764,0.05095982820995859
nh3,50.79931901975433,7.127364100405867,4.503594547870644,0.3805961011040929
o3,525.0746338431061,22.91450706087971,12.740741477622851,0.3517774737103184
co,48625.483231461716,220.5118664187071,162.93016438316886,0.757694669153593
