pollutant,mse,rmse,mae,r2
pm2_5,76.6606482172246,8.755606673282246,6.099831863287047,0.8736788461981778
pm10,149.07048283495644,12.209442363800095,9.10954364068577,0.8027166995767191
so2,1.4544772677077558,1.2060171092102117,0.8974083052259504,0.7654261953466615
no,2.4709806490598023,1.571935319617128,1.37628955994243,0.39476292871945207
no2,1119.611109663663,33.46059039622079,5.6472038290658215,0.05000427395871443
nh3,8.718217389535736,2.9526627625815545,2.12447751233579,0.7590027846491365
o3,132.89096742597587,11.527834463852084,8.151757768796266,0.7101757601463503
co,5701.424756553933,75.507779443935,59.15038901329548,0.7845094445065456
