pollutant,mse,rmse,mae,r2
pm2_5,857.8947625115724,29.289840602358566,20.99417301943624,0.6362803744549778
pm10,474.45536096538143,21.781996257583497,14.253036825500201,0.8378843100379587
so2,23.70477875207083,4.868755359644889,3.9981444931120453,0.34820032780001553
no,2.488467469454847,1.577487708178687,1.236612162907848,0.038809593005361354
no2,1164.6259085515244,34.126615837957395,10.4227782852883,0.10352747268387064
nh3,10.933863125103121,3.306639249313889,2.2824243782755893,0.5685046466745931
o3,512.8579071665405,22.646366312645842,18.28586636712365,0.34114704441200505
co,28864.878439053973,169.89666988806454,123.85685349744432,0.6706558034433057
