pollutant,mse,rmse,mae,r2
pm2_5,328.26242767373515,18.118013899810737,13.17762094638113,0.8440400257025196
pm10,490.48139448422694,22.146814544855587,15.496333147455877,0.8107818072815018
so2,76.50187586885016,8.74653507789514,6.87079107486062,0.38284935608903714
no,25.82266278623618,5.081600415837139,2.658604500202541,0.24739967465103607
no2,1258.1558295961604,35.47049237882328,11.00145637790722,0.06072034383096492
nh3,7.084115397587201,2.661600157346554,1.8863106000584224,0.617372484406741
o3,251.9831225777924,15.873976268654063,9.281336145923712,0.721245889631393
co,101248.50286768863,318.19569900878395,213.12157600178256,0.46569171076554805
