pollutant,mse,rmse,mae,r2
pm2_5,3744.082778990007,61.18891058835749,42.00792745122805,0.5802991017130354
pm10,4232.768844834956,65.05973289858295,43.35823432858304,0.6155521567723694
so2,282.0127770258591,16.793236049846353,12.211343756739417,0.033454667770097424
no,62.87179371910734,7.929173583615593,4.43454283944502,0.037432617653062605
no2,1686.1159802176317,41.06234260508808,17.842326166048306,0.08456579212091098
nh3,53.30724482417342,7.30118105679988,4.7081445705891305,0.5274632364830618
o3,491.6780329699726,22.17381412770416,18.14301917315807,0.3000015906250093
co,423584.50260628946,650.8336981182592,436.5390755944041,0.33046353172095333
