pollutant,mse,rmse,mae,r2
pm2_5,886.2901398963345,29.77062545356302,22.28369776578043,0.6623117824216456
pm10,953.0502451971012,30.871511870932093,22.15393361777885,0.7000439571784396
so2,995.4604189020476,31.55091787733041,24.811820085706273,0.032662960650113315
no,51.61511932943147,7.184366313700289,3.527308268777101,0.11359339253069134
no2,1244.23514120267,35.27371742817405,12.355399227540737,0.03194381216868725
nh3,34.84678209444133,5.903116303651939,4.764660280811761,0.2819415911516846
o3,480.3593977417647,21.917102859223085,17.711222489851494,0.5754915444469486
co,70626.66671861103,265.7567811338236,203.56207677571084,0.2080784424878208
