pollutant,mse,rmse,mae,r2
pm2_5,95.26422050210317,9.760339159173885,7.59644408734096,0.6373044172270557
pm10,447.1886510271581,21.146835484940958,19.381130440061185,-0.4658497115489859
so2,1.0487708402931275,1.0240951324428447,0.7358836851924914,0.23694737019167578
no,0.01050498955363587,0.10249385129672839,0.07115098337778171,0.24045437171081863
no2,1136.8789435753783,33.71763549799093,10.395404014912325,-0.02174241638411356
nh3,2.3780937367652704,1.542106914829601,1.2013085504950283,0.4503341620817417
o3,288.27211091982605,16.978578000522482,13.547946228913093,0.6936750431157281
co,3006.488485476105,54.831455255866636,43.84771610444768,0.3344968522898908
