pollutant,mse,rmse,mae,r2
pm2_5,1046.6173424037006,32.3514658462905,22.525732450081666,0.6510933487737001
pm10,3576.877946715346,59.80700583305727,53.34401978989361,0.008972576946558286
so2,9.819690299852196,3.133638508164622,2.455154929765291,0.25789787051095503
no,0.0570024392935714,0.23875183620984236,0.17855368169157573,0.25152176678487825
no2,1111.9178902922006,33.34543282508417,6.3370210458827065,0.03470995109731567
nh3,22.77688404075106,4.772513388221248,3.8295468568858246,0.21809849479908627
o3,307.0227628462756,17.522065028023256,13.58544805329235,0.599057675902969
co,14848.629391665789,121.854952265658,87.83481391838201,0.6222215459816975
