pollutant,mse,rmse,mae,r2
pm2_5,880.4588961827922,29.672527633870224,22.32321231109435,0.782088494531496
pm10,1204.8081170244013,34.710345965207566,28.39342045059854,0.7590790999013863
so2,4.303394495120455,2.0744624593181857,1.204747875881906,0.6854357624401982
no,0.11977832153303075,0.34609004830106105,0.2893016309140632,0.32134493787723095
no2,1126.368415661769,33.56141259931961,5.6272133637962085,0.07237968369419534
nh3,6.622457464668799,2.5734135821256556,1.7928458291586298,0.7855038072516148
o3,247.6480171733747,15.736836313991917,12.428101239757925,0.57569251826281
co,8925.145257149696,94.47298691768825,72.73615919650088,0.9020568934203748
