pollutant,mse,rmse,mae,r2
pm2_5,41.50203571902609,6.442207363864197,5.679555056703056,0.2950139399722399
pm10,40.06595960417918,6.329767736985234,3.66851398965954,0.3820077358421894
so2,0.5604767293503163,0.7486499377882271,0.3358873537798383,0.030390263250607563
no,9.404087667773773e-05,0.009697467539401084,0.007677221820992226,-0.010907202264780036
no2,1271.0718544559477,35.65209467136465,13.214094429552729,-0.15328529764783938
nh3,0.2681582267807547,0.5178399625181073,0.3953041459853493,0.19710982654073206
o3,166.60145651508142,12.907418661958767,10.181387977049901,0.3370538304179861
co,1338.1621428011654,36.58089860570904,26.17843932344703,0.6699206432860436
