pollutant,mse,rmse,mae,r2
pm2_5,200.47260004297345,14.158834699330784,7.947230096232681,0.731788812727693
pm10,233.83602142599514,15.291697794097134,9.09057817278061,0.7456654978845895
so2,18.284690990602222,4.276060218308697,2.8579550686366524,0.19223423532126427
no,21.1023201481046,4.593726172521018,2.066577029452487,0.17900013957969707
no2,1210.030248741175,34.785489054218786,8.174794538064036,-0.010440287578985297
nh3,6.021307349843067,2.4538352328229105,1.5493507217767615,0.3478379314188651
o3,246.97596787254733,15.715469063077542,12.680046618949893,0.7329316032209834
co,35206.266708605166,187.63333048423237,108.02437019262801,0.39436199506986813
